replicate,seed,regions,N,E,S,W,NW,NE,SW,SE,N2,E2,S2,W2,NW2,NE2,SW2,SE2
0,20210728,3813,11,13,9,13,11,13,11,10,17,19,15,18,16,18,16,16
1,20210729,3783,11,12,11,11,9,10,11,10,15,18,17,17,16,16,15,16
2,20210730,3806,10,11,11,12,10,12,9,12,16,17,18,18,18,17,15,17
3,20210731,3803,11,11,11,10,10,10,9,11,15,18,15,18,17,17,15,17
4,20210732,3805,11,11,10,13,11,11,12,12,18,19,15,12,17,16,17,16
5,20210733,3815,11,11,11,11,10,11,11,10,17,17,18,17,16,16,18,17
6,20210734,3772,11,12,11,12,11,13,11,11,17,18,17,19,16,17,17,19
7,20210735,3813,9,10,9,12,11,10,10,9,17,16,17,19,17,15,16,15
8,20210736,3799,10,11,11,11,9,11,12,11,16,16,17,18,15,16,18,16
9,20210737,3831,9,11,11,9,11,9,12,12,15,17,16,17,15,16,19,17
